江苏固德威电源科技股份有限公司,"Jiangsu GoodWe Power Supply Technology Co.,Ltd",688390,制造业-电气机械和器材制造业,黄敏,苏州市高新区紫金路90号,www.goodwe.com,8800万,971,"研发、生产、销售:风能、光伏逆变器系统;软件研发、光伏系统的集成和安装;智能家居、智能电网等电子产品、低压成套开关设备、充电桩;销售:电子电路元件、金属制品、半导体照明器件、显示器件、包装材料、绝缘制品、塑料制品、变压器、整流器和电感器、其他输配电及控制设备、光伏设备元器件;自营和代理各类商品及技术的进出口业务(国家限定企业经营或禁止进出口的商品和技术除外)。(依法须经批准的项目,经相关部门批准后方可开展经营活动)"
深圳市联建光电股份有限公司,"Shenzhen Liantronics Co., Ltd.",300269,租赁和商务服务业-商务服务业,刘虎军,深圳市宝安区68区留仙三路安通达工业厂区四号厂房2楼,www.lcjh.com,5.68亿,2440,"发光二极管(LED)显示屏及其应用产品的销售;发光二极管(LED)显示屏的租赁、安装和售后服务;国内商业、物资供销业(不含专营、专控、专卖商品);电子产品的技术开发(不含限制项目);经营进出口业务(具体按深贸管登证字第2003-738号资格证书办理);从事广告业务(法律、行政法规规定应进行广告经营审批登记的,另行办理审批登记后方可经营);计算机应用软件开发、系统集成及相关服务(不含限制项目);房屋租赁。许可经营项目是:发光二极管(LED)显示屏及其应用产品的生产。"
陕西坚瑞沃能股份有限公司,"Shaanxi J&R Optimum Energy Co.,Ltd.",300116,制造业-电气机械和器材制造业,高保清,陕西省西安市高新区科技二路65号6幢10701房,www.xajr.com,42.8亿,480,"经依法登记,公司的经营范围为:气溶胶自动灭火装置、化工产品(易制毒、危险、监控化学品除外)、纳米材料的开发、生产与销售;消防工程系统、楼宇自动化控制系统的设计、安装;消防设备的维修、保养;火灾自动报警及联动控制系统、电气火灾监控系统、消防器材及设备的研发、生产、销售、维护、保养;七氟丙烷气体灭火系统、IG541气体灭火系统、干粉灭火装置的研发、生产与销售;消防技术咨询服务;自营和代理各类商品和技术的进出口业务(国家限定或禁止公司经营的商品和技术除外)(依法须经批准的项目,经相关部门批准后方可开展经营活动);本企业的来料加工和“三来一补”业务,采购销售汽车零部件、电动车零部件、车用装饰材料、汽车模具及其相关附件、汽车电子装置(不含国家专营、专控、专卖商品);采购销售动力电池相关原材料、电极电控相关零部件;乘用车辆、物流车辆、工程机械、各类机电设备、电子设备及零部件、电子电气件的采购销售;与上述项目有关的技术咨询、技术服务;自由物业租赁业务(依法须经批准的项目,经相关部门批准后方可开展经营活动)"
郑州华晶金刚石股份有限公司,"Zhengzhou Sino-Crystal Diamond Co., Ltd.",300064,制造业-非金属矿物制品业,郭留希,郑州市新材料产业园区科学大道111号,www.sinocrystal.com.cn,12.1亿,1416,钻石饰品、金银饰品、珠宝饰品、翡翠玉石饰品、镶嵌饰品、工艺品的加工、批发、零售及维修;人造金刚石及其设备、原辅材料、制品的研发、生产和销售;人造金刚石相关技术、材料、设备、制品的研究、开发和技术转让;经营本企业自产产品及相关技术的进出口业务;房屋、设备出租。
北京晓程科技股份有限公司,"Beijing XIAOCHENG Technology Stock Co., Ltd.",300139,制造业-计算机、通信和其他电子设备制造业,程毅,北京市海淀区西三环北路87号国际财经中心D座503,www.xiaocheng.com,2.74亿,78,"技术开发、技术推广、技术转让、技术咨询、技术服务、电子技术培训;承接网络系统集成,货物进出口、技术进出口、代理进出口;安装输配电及控制设备、电子设备用机电元件、继电器、继电保护及自动化装置、电力电子装置;设计电力半导体器件、电力集成电路、半导体集成电路、膜集成电路、集成电路芯片、微型组件、集成电路及微型组件的零件;计算机服务;应用软件服务;物联网传感器及通讯设备、智能电网系统集成,低压集抄系统设备的生产和制造;自有商业房屋租赁服务,办公房屋租赁服务。(依法须经批准的项目,经相关部门批准后方可开展经营活动)"
温州宏丰电工合金股份有限公司,"WENZHOU HONGFENG ELECTRICAL ALLOY CO.,LTD.",300283,制造业-电气机械和器材制造业,陈晓,浙江省乐清市北白象镇大桥工业区塘下片区,www.wzhf.com,4.14亿,1148,"贵金属合金材料(强电电触点、弱电微触点),电器配件生产、加工、销售;金属材料销售;货物进出口、技术进出口;产品及项目检测、评定等相关技术服务(依法须经批准的项目,经相关部门批准后方可开展经营活动)。"
聚灿光电科技股份有限公司,"Focus Lightings Tech CO.,LTD.",300708,制造业-计算机、通信和其他电子设备制造业,潘华荣,苏州工业园区月亮湾路15号中新大厦32楼01-05室,www.focuslightings.com,2.60亿,1058,"照明器件、显示器件、光电器件的研发、组装生产和销售,LED图形化衬底、LED外延片、LED芯片的研发、生产和销售,并提供相应的技术服务;本公司产品的出口和生产所需设备、技术、原辅材料的进口;超高亮度发光二极管(LED)应用产品系统工程的安装、调试、维修;合同能源管理。(依法须经批准的项目,经相关部门批准后方可开展经营活动)"
深圳市民德电子科技股份有限公司,Shenzhen MinDe Electronics Technology Ltd.,300656,制造业-计算机、通信和其他电子设备制造业,许文焕,深圳市南山区高新区中区科技园工业厂房25栋1段5层(1)号,www.mindeo.cn,1.09亿,232,"兴办实业(具体项目另行申报);计算机软、硬件的技术开发、设计;电子通讯产品的开发、系统集成;嵌入式芯片、软件的开发、系统集成(以上均不含加工组装及限制项目);国内贸易(不含专营、专控、专卖商品);条码扫描识别及打印设备的技术开发、技术服务;航空电子设备、自动控制设备、无人驾驶航空器、超轻飞行器的技术开发、设计;航空拍摄服务(不含限制项目);经营进出口业务(法律、行政法规、国务院决定禁止的项目除外,限制的项目须取得许可后方可经营)。条码扫描识别及打印设备的生产(凭有效的环保批复经营)。"
洛阳建龙微纳新材料股份有限公司,"Luoyang JALON Micro-nano New Materials Co.,Ltd.",688357,制造业-化学原料及化学制品制造业,李建波,偃师市产业集聚区(工业区军民路),www.jalon.cn,5782万,--,吸附类材料的生产与销售;催化类材料的生产与销售;工业氯化钠的销售;化工产品(化学危险品除外)的零售;经营本企业自产产品及技术的出口业务及本企业所需的机械设备、零配件、原辅材料及技术的进口业务(但国家限定公司经营或禁止进出口的商品及技术除外)
易事特集团股份有限公司,"East Group Co.,Ltd",300376,制造业-电气机械和器材制造业,何佳,广东省东莞市松山湖科技产业园区工业北路6号,www.eastups.com,23.2亿,1656,"智慧城市、智慧园区和轨道交通工程项目投资、运维与改造;互联网信息服务(增值电信业务经营);人工智能、量子通信、泛在电力物联网、云计算技术的开发;研发、制造与销售:无线通信设备、存储设备及系统、不间断电源、应急电源、通信电源、高压直流电源系统、稳压电源、电力一体化电源系统、工业节能及电能质量控制系统、新能源汽车充电桩及配套设备、数据中心产品与系统(包括列头柜、配电柜、机柜)、精密空调、光伏组件、光伏逆变器、汇流箱、交直流柜、控制器等装置、嵌入式软件、动力环境监控、阀控式密封铅酸蓄电池、锂电池、复合储能系统、智能环保系统;太阳能发电系统及电站、新能源汽车充电站点、智能微电网、计算机网络系统、数据中心、建筑智能化系统解决方案的设计、集成建设、安装、调试、运营和维护;数据处理和存储服务;技术咨询与服务;设计、制作、代理、发布国内外各类广告;货物或技术进出口(国家禁止或涉及行政审批的货物和技术进出口除外);贸易代理;仓储服务(不含危险化学品);道路普通货运;再生资源回收、加工(不含固体废物、危险废物、报废汽车等需经相关部门批准的项目);房屋租赁、物业管理。(依法须经批准的项目,经相关部门批准后方可开展经营活动。)(以工商管理部门核定为准)"
全通教育集团(广东)股份有限公司,"Qtone Education Group(Guangdong).,Ltd.",300359,信息传输、软件和信息技术服务业-软件和信息技术服务业,陈炽昌,中山市东区中山四路88号尚峰金融商务中心5座18层之一,www.qtone.cn,6.34亿,1585,"计算机软、硬件的研发、销售;销售:电化教学设备、教学软件、电子产品、百货、仪器仪表、文化体育用品及器材、家具;设计、制作、发布、代理各类广告业务;教育信息咨询(不含招生、培训、出国留学中介服务);设备租赁;计算机信息系统集成;企业管理咨询、商品流通信息咨询(不含劳务、金融期货、房地产、出国留学);电子商务信息技术开发及推广;安全技术防范系统设计、施工、维修;出版物批发、零售;第二类增值电信业务中的呼叫中心业务和信息服务业务(不含固定网电话信息服务和互联网信息服务);互联网信息服务业务(按许可证核定的项目经营);承接室内外装饰设计及施工工程;计算机软硬件及信息系统设计、运营维护服务。(上述经营范围涉及经营性互联网信息服务)(依法须经批准的项目,经相关部门批准后方可开展经营活动。)"
厦门乾照光电股份有限公司,"Xiamen Changelight Co.,Ltd.",300102,制造业-计算机、通信和其他电子设备制造业,金张育,厦门火炬高新区(翔安)产业区翔天路259-269号,www.changelight.com.cn,7.08亿,2637,光电子器件及其他电子器件制造;集成电路制造;半导体分立器件制造;电子元件及组件制造;照明灯具制造;电光源制造;灯用电器附件及其他照明器具制造;光伏设备及元器件制造;工程和技术研究和试验发展;其他电子产品零售;信息技术咨询服务;经营本企业自产产品的出口业务和本企业所需的机械设备、零配件、原辅材料的进口业务;自有房地产经营活动。本公司产品主要包括全色系LED外延片、芯片;三结砷化镓太阳电池外延片。
深圳市长方集团股份有限公司,"Shenzhen Changfang Group Co., Ltd.",300301,制造业-计算机、通信和其他电子设备制造业,王敏,深圳市坪山新区大工业区聚龙山3号路,www.cfled.com,7.90亿,4352,"兴办实业(具体项目另行申报);LED、发光二极管、数码管产品、SMD产品、太阳能光源、半导体、室内外照明产品、离网照明产品、智能照明产品、特种照明产品、LED照明光源SMD支架的销售;照明节能技术开发;市政工程、机电安装工程的承包与施工;物业管理、自有物业租赁及国内贸易(不含专营、专控、专卖商品);经营进出口业务(法律、行政法规、国务院决定禁止的项目除外,限制的项目须取得许可后方可经营);五金、塑胶制品、新能源、新材料、电器、电子产品、照明产品、智能储电产品的研发、设计及销售。LED、发光二极管、数码管产品、SMD产品、太阳能光源、半导体、室内外照明产品、离网照明产品、智能照明产品、特种照明产品、LED照明光源SMD支架的生产;五金、塑胶制品、新能源、新材料、电器、电子产品、照明产品、智能储电产品的生产。"
恒泰艾普集团股份有限公司,"LandOcean Energy Services Co.,Ltd.",300157,采矿业-开采辅助活动,包笠,北京市海淀区丰秀中路3号院4号楼401室,www.ldocean.com.cn,7.12亿,1433,"石油天然气勘探技术、石油天然气设备、仪器仪表技术开发、技术培训、技术服务、技术转让、技术咨询;计算机系统服务;软件开发;软件服务;数据处理(数据处理中的银行卡中心,PUE值在1.5以下的云计算数据中心除外);工程勘察设计;污水处理及其再生利用;销售石油天然气设备、仪器仪表、计算机、软件及辅助设备、电子产品、通讯设备、燃料油、润滑油、化工产品、橡胶制品、金属矿石、非金属矿石、金属制品、焦炭、机电设备及配件、建筑材料、针纺织品、日用品、体育用品、文化用品、珠宝首饰;租赁石油天然气软件及硬件设备、仪器仪表;出租办公用房、出租商业用房;出租厂房;货物进出口、技术进出口、代理进出口;投资、投资管理、投资咨询、资产管理;地热能、新能源及清洁能源、节能环保、天然气的技术开发、技术服务;施工总承包(限分支机构经营);工程技术和技术研究与试验发展;委托生产煤化工产品、盐化工产品、炼油化工产品、乙烯、十六辛烷值、兰炭尾气化工产品(限外埠经营);企业管理;企业策划;设计、制作、代理、发布广告;销售食品。(企业依法自主选择经营项目,开展经营活动;销售食品以及依法须经批准的项目,经相关部门批准后依批准的内容开展经营活动;不得从事本市产业政策禁止和限制类项目的经营活动。)"
湖北台基半导体股份有限公司,"TECH SEMICONDUCTORS CO.,LTD",300046,制造业-计算机、通信和其他电子设备制造业,邢雁,湖北省襄阳市襄城区胜利街162号,www.tech-sem.com,2.13亿,511,"功率晶闸管、整流管、电力半导体模块等大功率半导体元器件及其功率组件,汽车电子,电力半导体用散热器;各种电力电子装置的研制、生产、销售;广播电视节目制作;文化项目经营与投资;组织文化艺术交流活动(不含演出);文艺创作(广播电视节目制作及依法须经批准的项目,经相关部门批准后方可开展经营活动)。"
江龙船艇科技股份有限公司,"Jianglong Shipbuilding Co.,Ltd",300589,制造业-铁路、船舶、航空航天和其他运输设备制造业,晏志清,中山市神湾镇桂竹路1号江龙船艇科技园,www.jianglong.cn,2.03亿,593,"船舶的设计、制造、加工、修理、销售;涂料、油漆(以上不含危险化学品)、机械设备(不含国家专营项目)、五金交电、建筑材料的批发、零售;货物及技术进出口。(依法须经批准的项目,经相关部门批准后方可开展经营活动。)(依法须经批准的项目,经相关部门批准后方可开展经营活动)"
北京双杰电气股份有限公司,"Beijing SOJO Electric Co., Ltd.",300444,制造业-电气机械和器材制造业,赵志宏,北京市海淀区上地三街9号D座1111,www.sojoline.com,5.86亿,1603,"制造输配电及控制设备;普通货运;研发、销售分布式发电及控制设备、新能源汽车充放电及智能控制设备、电能质量治理及监控设备、电能计量系统设备;生产分布式发电及控制设备、新能源汽车充放电及智能控制设备、电能质量治理及监控设备、电能计量系统设备(限分支机构经营);电力供应;合同能源管理;技术服务;技术开发;计算机系统集成;工程勘察设计;自营和代理各类商品和技术的进出口,但国家限定公司经营或禁止进出口的商品和技术除外。(企业依法自主选择经营项目,开展经营活动;依法须经批准的项目,经相关部门批准后依批准的内容开展经营活动;不得从事本市产业政策禁止和限制类项目的经营活动。)"
幸福蓝海影视文化集团股份有限公司,Omnijoi Media Corporation,300528,文化、体育和娱乐业-广播、电视、电影和影视录音制作业,蒋小平,江苏省南京市栖霞区元化路8号28幢,www.omnijoi.com,3.73亿,1525,"许可经营项目:电视剧的制作、发行。一般经营项目:影视投资(动画片、纪录片、专题片除外),电影院线和影城的经营及电影相关的广告经营,影视剧创作人员的经纪代理。"
南京宝色股份公司,"Nanjing Baose Co.,Ltd",300402,制造业-专用设备制造业,高颀,南京市江宁滨江经济开发区景明大街15号,www.baose.com,2.02亿,690,"钛、镍、锆、钽、有色金属、钢、不锈钢及其复合材料装备、标准件、管道及其它制品的设计、研发、制造、安装、维修、销售、技术咨询;金属腐蚀试验检测;经济信息咨询服务;自营或代理各类商品及技术的进出口(但国家限定公司经营或禁止进出口商品和技术除外);道路普通货物运输。(依法须经批准的项目,经相关部门批准后方可开展经营活动)。"
广东正业科技股份有限公司,"Guangdong Zhengye Technology Co.,Ltd.",300410,制造业-专用设备制造业,徐地华,东莞市松山湖科技产业园区科技九路2号,www.zhengyee.com,3.81亿,1731,"研发、生产、加工、销售:机器人、电子仪器设备及其软件、电子材料、日用口罩(非医用)、医疗器械(第二类医疗器械);生产线装备系统集成;设备租赁;货物的进出口业务;物业租赁;物业管理。(依法须经批准的项目,经相关部门批准后方可开展经营活动。)"
广东派生智能科技股份有限公司,"GuangDong PaiSheng Intelligent Technology Co.,Ltd.",300176,制造业-汽车制造业,卢楚隆,广东省肇庆市鼎湖城区北十区,www.hongteo.com.cn,3.87亿,3034,"设计、制造、加工、销售:铝合金精密压铸件、汽车零配件、汽车双离合器变速器(DCT)关键零件及部件、通讯类零配件;自有设备租赁(非监管设备);互联网信息服务;互联网信息技术开发、技术咨询、技术转让;股权投资;投资咨询(不含金融、证券、期货咨询);经济信息咨询服务;电子结算系统的开发;数据处理和存储服务;企业征信服务。(依法须经批准的项目,经相关部门批准后方可开展经营活动)"
深圳市容大感光科技股份有限公司,"Shenzhen Rongda Photosensitive & Technology Co.,Ltd.",300576,制造业-化学原料及化学制品制造业,林海望,深圳市宝安区福海街道新田社区新田大道71-5号301(1-3层),www.szrd.com,1.56亿,382,"印制线路板专用油墨、光刻材料及其配套化学品的研发,精细化工产品的购销;从事货物及技术进出口业务(以上均不含危险化学品、易制毒化学品、监控化学品及化学试剂,不含法律、行政法规、国务院决定规定需前置审批和禁止的项目)。普通货运。"
江苏中信博新能源科技股份有限公司,"Arctech Solar Holding Co., Ltd.",688408,制造业-电气机械和器材制造业,蔡浩,昆山市陆家镇黄浦江中路2388号,www.arctechsolar.cn,1.36亿,779,"新能源材料、新能源产品研发及销售;太阳能发电系统相关产品的设计、研发、销售、安装、调试及维护;太阳能系统工程的设计、施工;光伏设备及配件的研发、生产、销售、安装、调试及维护;锂电池、减震器、有色金属、塑料制品、电线电缆、桥架、阀门的销售;软件的开发及销售;金属制品、五金配件的生产、加工、销售;光伏设备租赁,自有厂房及设施租赁;货物及技术的进出口业务;法律、行政法规规定前置许可经营、禁止经营的除外。(前述经营项目中法律、行政法规规定前置许可经营、限制经营、禁止经营的除外)(依法须经批准的项目,经相关部门批准后方可开展经营活动)"
扬州扬杰电子科技股份有限公司,"Yangzhou Yangjie Electronic Technology Co.,Ltd.",300373,制造业-计算机、通信和其他电子设备制造业,梁勤,江苏省扬州市维扬经济开发区,www.21yangjie.com,4.72亿,2505,"新型电子元器件及其它电子元器件的制造、加工,销售本公司自产产品;分布式光伏发电;从事光伏发电项目的建设及其相关工程咨询服务;光伏电力项目的开发以及光伏产业项目的开发;光伏太阳能组件、太阳能应用工程零部件的销售;太阳能应用系统集成开发;道路普通货物运输;自营和代理各类商品及技术的进出口业务(国家限定企业经营或禁止进出口的商品和技术除外)。公司的经营范围以公司登记机关核准的项目为准"
吉峰三农科技服务股份有限公司,"Gifore Agricultural Science & Technology Service Co., Ltd.",300022,批发和零售业-零售业,王新明,成都市郫县成都现代工业港北部园区港通北二路219号,www.gifore.com,3.80亿,1153,"一般经营项目(以下范围不含前置许可项目,后置许可项目凭许可证或审批文件经营):农业技术推广服务;批发、零售农业机械,机械设备,汽车零配件,摩托车及配件,建筑材料(不含危险化学品),化工材料(不含危险品),交电,日用百货,农副产品(不含棉花、蚕茧、烟叶、粮油),金属材料(不含稀贵金属),通信设备(不含无线通信),办公用品,计算机;销售汽车(不含九座以下乘用车);制造小型农业机械,通用机械零部件;进出口业;仓储业;装卸搬运;货物运输代理;废旧物资回收;商务服务业;物业管理;自有房地产经营活动。(依法须经批准的项目,经相关部门批准后方可开展经营活动)。"
西安天和防务技术股份有限公司,"Xi'an Tian He Defense Technology CO.,LTD",300397,制造业-计算机、通信和其他电子设备制造业,贺增林,西安市高新区西部大道158号,www.thtw.com.cn,4.32亿,2622,"一般项目:工程和技术研究和试验发展;电子(气)物理设备及其他电子设备制造;导航、测绘、气象及海洋专用仪器制造;电子专用设备制造;雷达及配套设备制造;仪器仪表制造;光学仪器制造;海洋环境监测与探测装备制造;环境监测专用仪器仪表制造;软件开发;计算机软硬件及外围设备制造;信息系统集成服务;人工智能公共数据平台;人工智能基础资源与技术平台;人工智能应用软件开发;人工智能行业应用系统集成服务;大数据服务;物联网设备制造;物联网应用服务;物联网技术服务;市政设施管理;照明器具制造;照明器具销售;照明器具生产专用设备制造;半导体照明器件销售;安防设备制造;太赫兹检测技术研发;交通安全、管制专用设备制造;航空运营支持服务;技术服务、技术开发、技术咨询、技术交流、技术转让、技术推广;以自有资金从事投资活动;非居住房地产租赁;住房租赁;物业管理。(除依法须经批准的项目外,凭营业执照依法自主开展经营活动)许可项目:技术进出口;货物进出口;建筑智能化系统设计;建筑智能化工程施工;房屋建筑和市政基础设施项目工程总承包;建筑劳务分包。(依法须经批准的项目,经相关部门批准后方可开展经营活动,具体经营项目以审批结果为准)"
广州迪森热能技术股份有限公司,"Guangzhou Devotion Thermal Technology Co., Ltd.",300335,电力、热力、燃气及水生产和供应业-电力、热力生产和供应业,马革,广州市经济技术开发区东区东众路42号,www.devotiongroup.com,3.63亿,1116,热力生产和供应;能源管理服务;能源技术研究、技术开发服务;节能技术开发服务;生物质致密成型燃料制造;生物质致密成型燃料销售;燃料油销售(不含成品油);机械设备租赁;锅炉及辅助设备制造;炼油、化工生产专用设备制造;收购农副产品;林业产品批发;其他经济作物种植;货物进出口(专营专控商品除外);技术进出口
南宁糖业股份有限公司,"Nanning Sugar Industry Co.,Ltd.",000911,制造业-农副食品加工业,莫菲城,南宁市青秀区古城路10号,www.nnsugar.com,3.24亿,4030,"机制糖、酒精、纸及纸制品、蔗渣浆、复合肥、焦糖色的生产与销售,制糖设备的制造、安装及技术服务;出口本企业生产的产品,进口本企业生产、科研所需的原辅助材料、机械设备、仪器仪表及零配件;承包境外制糖行业工程及境内国际招标工程;上述境外工程所需的设备、材料出口;对外派遣实施上述境外工程所需的劳务人员;纸及纸制品的生产和销售;道路普通货物运输;厂房、设备的租赁;竹浆生产销售;甘蔗糖蜜的生产与销售;药用辅料(蔗糖);原糖;蔗渣,食品添加剂氧化钙的生产和销售。"
深圳世联行集团股份有限公司,SHENZHEN WORLDUNION GROUP,002285,房地产业-房地产业,陈劲松,深圳市罗湖区深南东路2028号罗湖商务中心12楼,www.worldunion.com.cn,20.4亿,26598,房地产咨询、房地产代理、房地产经纪、物业管理。
赞宇科技集团股份有限公司,"ZANYU TECHNOLOGY GROUP CO., LTD.",002637,制造业-化学原料及化学制品制造业,方银军,浙江省杭州市城头巷128号,www.zzytech.com,4.23亿,1938,"化工产品(不含危险品)、轻纺产品、洗涤用品、机械设备的生产、销售,技术开发、技术转让、技术咨询及配套工程服务,房屋租赁,经营进出口业务(范围详见外经贸部门批文)。(以工商登记机关核定的经营范围为准)"
瑞鹄汽车模具股份有限公司,"RAYHOO MOTOR DIES CO., LTD.",002997,制造业-专用设备制造业,柴震,安徽省芜湖市经济技术开发区银湖北路22号,www.rayhoo.net,1.84亿,1508,"开发、设计、制造汽车模具、夹具、检具、车身焊接总成及白车身,汽车车身轻量化制造技术研发,机器人集成,汽车自动化生产线设备、汽车非标设备的制造、安装、调试及维护。(依法须经批准的项目,经相关部门批准后方可开展经营活动)"
成都三泰控股集团股份有限公司,"Chengdu Santai Holding Group Co.,Ltd.",002312,制造业-化学原料及化学制品制造业,朱江,成都市金牛区高科技产业园区蜀西路42号,www.isantai.com,13.8亿,15477,"生产、销售商用密码产品;安全技术防范;第二类增值电信业务中的呼叫中心业务。(以上项目及期限以许可证为准)。一般经营项目(以下范围不含前置许可项目,后置许可项目凭许可证或审批文件经营):计算机软件业;技术服务业;电子、电气、机电产品的开发、生产;安全技术防范工程的设计、施工;建筑智能化工程的设计、施工;进出口业;档案管理服务;商品批发与零售;银行自助设备的清机、维修、远程值守服务;票据及其档案影像处理外包服务;物流、仓储信息系统设计及技术服务;金融外包服务;基础化学原料制造(不含危险化学品);饲料加工;食品及饲料添加剂制造;肥料制造;土砂石开采;石灰和石膏制造;谷物种植。(依法须经批准的项目,经相关部门批准后方可开展经营活动)。"
昆山沪光汽车电器股份有限公司,"Kunshan Huguang Auto Harness Co., Ltd.",605333,制造业-汽车制造业,成三荣,昆山市张浦镇沪光路388号,www.kshg.com,4.01亿,2737,"汽车线束设计、开发、加工、制作、销售;销售汽车配件;经营本企业自产产品及技术的出口业务和本企业所需的机械设备、零配件、原辅材料及技术的进口业务,但国家限定公司经营或禁止进出口的商品及技术除外;本企业自有房屋出租;道路普通货物运输(按许可证核定内容经营)。(前述经营项目中法律、行政法规规定前置许可经营、限制经营、禁止经营的除外)(依法须经批准的项目,经相关部门批准后方可开展经营活动)"
浙江大元泵业股份有限公司,"Zhejiang Dayuan Pumps Industry Co., Ltd",603757,制造业-通用设备制造业,韩元富,浙江省温岭市泽国镇丹崖工业区,www.dayuan.com,1.64亿,1646,"泵和真空设备及其零件、电机及其零件制造、销售;机械和设备修理;投资与资产管理;货物进出口、技术进出口;太阳能光伏发电、售电。(依法须批准的项目,经相关部门批准后方可开展经营活动)。"
广东天际电器股份有限公司,"Guangdong Tonze Electric Co.,Ltd.",002759,制造业-电气机械和器材制造业,吴锡盾,广东省汕头市潮汕路金园工业城12-12片区,www.tonze.com,4.02亿,966,"生产加工家用小电器及其配套电子元器件、陶瓷制品及塑料制品、妇幼用品;医疗器械生产;医疗器械经营;医疗耗材的经营销售。(以上经营范围涉及许可证的,凭许可证经营;涉及行业许可管理的,按国家规定办理)(依法须经批准的项目,经相关部门批准后方可开展经营活动)。"
甘肃蓝科石化高新装备股份有限公司,Lanpec Technologies Limited,601798,制造业-专用设备制造业,解庆,兰州市安宁区蓝科路8号,www.lanpec.com,3.55亿,1298,"本企业科技成果产业化产品、机械成套设备的制造、加工、销售;石油化工、天然气、钢铁、电力、海洋、环保、市政、轻工业系统装置工程的设计、制造、安装;压力容器(塔器、储存容器、反应容器及换热设备)、空冷器、石油钻采设备、金属结构件、石化设备配件、食品机械、金属材料(不含贵金属)的设计、制造、销售、维修;自营和代理各类商品及技术的进出口业务(国家限定公司经营或禁止进出口的商品和技术除外);国内贸易代理;承包与其实力、规模、业绩相适应的对外承包工程项目,并派遣实施上述对外承包工程项目所需的劳务人员(以上项目国家禁止或限制经营的项目除外,国家有专项规定的项目须取得相应许可后经营);《石油化工设备》及《石油矿场机械》期刊的出版及国内外期刊广告的设计、制作和发布上(凭有效许可证经营)"
华灿光电股份有限公司,HC SemiTek Corporation,300323,制造业-计算机、通信和其他电子设备制造业,俞信华,武汉市东湖开发区滨湖路8号,www.HCSemiTek.com,10.9亿,3762,半导体材料与器件、电子材料与器件、半导体照明设备、蓝宝石晶体生长及蓝宝石深加工产品的设计、制造、销售、经营租赁;自有产品及原材料的进出口。(上述经营范围中国家有专项规定的项目经国家审批后或凭许可证在核定期限内经营)。
金发拉比妇婴童用品股份有限公司,"JINFA LABI MATERNITY & BABY ARTICLES CO., LTD.",002762,制造业-纺织服装、服饰业,林浩亮,广东省汕头市金平区D浦D济南路107号,www.jflabi.com,3.54亿,1100,"妇婴童用品的研发、设计、加工、制造、销售;化妆品生产;加工、制造、销售:日用化工,洗涤剂,消毒剂,纺织品,服装及辅料,床上用品,游泳衣及泳具,雨衣,童车,家具,纸制品,塑料制品;销售:百货,家用电器,玩具,汽车用品;自有物业租赁;产品开发设计;服装设计;工业产品造型设计;环保设备设计;婴幼儿早期教育及妇女生育健康咨询;摄影摄像服务;礼仪服务;婚庆礼仪服务;对实业、商业的投资;货物进出口、技术进出口;食品销售;餐饮服务;公共场所(咖啡馆、茶座);娱乐场所(游艺娱乐)、医疗器械经营。(依法须经批准的项目,经相关部门批准后方可开展经营活动。)"
山东惠发食品股份有限公司,"Shandong Huifa Foodstuff Co.,Ltd.",603536,制造业-农副食品加工业,惠增玉,诸城市舜耕路139号;诸城市舜德路159号,www.huifafoods.com,1.68亿,1659,"生产销售速冻食品[速冻其他食品(速冻肉制品)]、调味品、饮料;批发兼零售预包装食品;即食鱼糜制品、即食肉丸的生产销售;速冻面米食品、速冻调制食品(有效期限以许可证为准);罐头食品(涵盖软、硬包装罐头及自加热食品)(有效期限以许可证为准)。销售粮食;蔬菜、禽畜肉类、水产类、水果、乳制品类的生产销售;食用油销售;货物仓储、场地租赁业务;农产品种植、初加工、销售;禽蛋销售。货物进出口业务。(依法须经批准的项目,经相关部门批准后方可开展经营活动)"
济南高新发展股份有限公司,"Jinan High-tech Development Co.,Ltd.",600807,房地产业-房地产业,刘金辉,山东省济南市高新开发区新宇南路1号济南国际会展中心A区,www.jngxfz.com,8.85亿,805,"纺织、服装、鞋帽及日用品、五金交电化工(不含化学危险品)、建筑及装饰材料、日用杂货(不含烟花爆竹)、家具、摩托车、钢材、商品房、汽车(不含小轿车)、文化体育用品及器材、电子产品、通信设备(不含无线电发射器材)的销售;房屋、柜台出租;工艺美术品(含金银饰品零售、翻新);仓储(不含危险化学品);装饰装修、物业管理(须凭资质证书经营);企业管理服务;电子信息技术的开发、服务及培训;房地产开发、销售(凭资质证书经营);矿业投资;矿产品开采的技术开发、技术咨询及技术服务;工程管理服务;投资咨询服务;房地产中介服务;土地管理服务;房屋拆迁服务;黄金制品、铂金制品、非金属矿及制品的批发、展示及零售;黄金矿山专用设备及物资的销售;从事货物及技术的进出口业务。(依法须经批准的项目,经相关部门批准后方可开展经营活动)"
郑州煤矿机械集团股份有限公司,"Zhengzhou Coal Mining Machinery Group Co.,Ltd.",601717,制造业-专用设备制造业,焦承尧,郑州经济技术开发区第九大街167号,www.zmj.com,17.3亿,17230,"设计、加工、制造矿山机械设备、环保设备、通用机械、电站设备、附属配件、工模具;金属材料的销售;软件开发、销售、咨询、维护、测试;企业管理咨询;从事货物和技术的进出口业务,国家禁止和限定的货物和技术除外;不动产租赁、有形动产租赁、技术服务。"
露笑科技股份有限公司,"Roshow Technoiogy CO.,Ltd",002617,制造业-电气机械和器材制造业,鲁永,浙江省诸暨市店口镇露笑路38号,www.roshowtech.com,15.1亿,1467,"漆包线、节能数控电机、汽车及船舶零部件的生产制造和销售,漆包线及专用设备的研究开发,机电设备租赁,经营进出口业务,LED显示屏、光电子器件及元器件、光学材料及技术的研究、开发,光学元件的销售,电子产品、软件产品的研发、销售及售后服务,新能源汽车技术研发,蓄电设备研发,汽车租赁。(依法须经批准的项目,经相关部门批准后方可开展经营活动)"
上海吉祥航空股份有限公司,"JUNEYAO AIRLINES Co., Ltd",603885,交通运输、仓储和邮政业-航空运输业,王均金,中国(上海)自由贸易试验区康桥东路8号,www.juneyaoair.com,19.7亿,8628,"国内(含港澳台)航空客货运输业务;国际航空客货运输业务,航空配餐;飞机零配件的制造;日用百货,五金交电,纺织品,电子产品,家用电器,文化用品,工艺美术品,化工原料(除危险品),金属材料,仪器仪表,机械设备,汽车配件的销售;从事货物及技术的进出口业务。(企业经营涉及行政许可的,凭许可证件经营)。"
广东天禾农资股份有限公司,"GUANGDONG TIANHE AGRICULTURAL MEANS OF PRODUCTION CO.,LTD.",002999,批发和零售业-零售业,邹宁,广州市越秀区东风东路709号,www.gd-tianhe.com,2.48亿,1857,"批发、零售、国内贸易代理服务、网上销售:化肥、农药、农膜(危险化学品除外)、化工产品(危险化学品除外)、农业机械、农业工具、灌溉设备、不再分装的包装种子;农业项目投资;化肥、农药、农膜及农资网络建设咨询;货物及技术进出口(法律、行政法规禁止的项目除外;法律、行政法规限止的项目,取得许可后方可经营);批发:危险化学品(具体按本公司有效《危险化学品经营许可证》经营);农作物病虫害专业化统防统治;农业技术推广、咨询与培训服务;化肥、农药产品应用技术服务;施药施肥服务。"
山东玻纤集团股份有限公司,"Shandong Fiberglass Group Co., Ltd",605006,制造业-非金属矿物制品业,牛爱君,临沂市沂水县工业园,www.glasstex.cn,5.00亿,2922,"玻璃纤维及其制品的生产、销售;铂、铑、黄金制品、煤炭(依法须经批准的项目,经相关部门批准后方可开展经营活动)"
利欧集团股份有限公司,"Leo Group Co.,Ltd.",002131,信息传输、软件和信息技术服务业-互联网和相关服务,王相荣,浙江省温岭市滨海镇利欧路1号,www.leogroup.cn,67.5亿,4670,"泵、园林机械、清洁机械设备、电机、汽油机、阀门、模具、五金工具、电气控制柜、成套供水设备、农业机械、机械设备、环保设备、电器零部件及相关配件的生产、销售,设计、制作、代理、发布国内各类广告,企业营销策划,进出口经营业务,实业投资。(依法须经批准的项目,经相关部门批准后方可开展经营活动)"
上海泰胜风能装备股份有限公司,"Shanghai Taisheng Wind Power Equipment Co., Ltd.",300129,制造业-电气机械和器材制造业,张福林,上海市金山区卫清东路1988号,www.shtsp.com,7.19亿,832,"风力发电设备,钢结构,化工设备制造安装,各类海洋工程设备、设施、平台的设计、建造、组装、销售,从事货物和技术的进出口业务,风力发电设备、辅件、零件销售(涉及行政许可的凭许可证经营)"
西安派瑞功率半导体变流技术股份有限公司,"XI’AN PERI POWER SEMICONDUCTOR CONVERTING TECHNOLOGY CO.,LTD.",300831,制造业-计算机、通信和其他电子设备制造业,陆剑秋,西安市高新区新区锦业二路东段,www.chinaxaperi.com,3.20亿,402,电力电子器件、电力电子成套设备的研发、生产、实验调试和销售服务;机电产品(不含小汽车)、机械设备、仪器仪表、零配件的销售;设备、房产出租;货物与技术的进出口经营(国家限制和禁止进出口的货物和技术除外)。(以上经营范围除国家规定的专控及前置许可项目)
河南易成新能源股份有限公司,"Henan Yicheng New Energy Co., Ltd.",300080,制造业-非金属矿物制品业,王安乐,开封市精细化工产业园区,www.ycne.com.cn,20.2亿,3389,"金刚石切割线的生产和销售;化工产品、石油焦(以上范围危险化学品、易制毒化学品、监控化学品除外)、机电设备、建材、钢材、机械设备配件、橡胶制品的销售及对外贸易;从事货物和技术进出口业务;光伏发电技术的研发;土地、厂房、房屋、机器设备的租赁;太阳能电池、硅片及太阳能电池零部件的研发、生产、加工、销售。(依法须经批准的项目,经相关部门批准后方可开展经营活动)"
江苏宝利国际投资股份有限公司,"Jiangsu Baoli International Investment Co., Ltd.",300135,制造业-化学原料及化学制品制造业,周德洪,江苏省江阴市云亭镇工业园区,www.baolijt.cn,9.22亿,423,"沥青和高强度结构沥青料(不含危险品)的生产、销售;自营和代理各类商品及技术的进出口业务,但国家限定公司经营或禁止进出口的商品除外;利用自有资金对外投资;新材料技术开发;机械设备租赁服务(不含融资性租赁);仓储服务。"
珈伟新能源股份有限公司,"Jiawei  Renewable  Energy Co., Ltd.",300317,制造业-电气机械和器材制造业,丁孔贤,深圳市龙岗区坪地街道中心社区新发工业区1、2、3、4号,www.jiawei.com,8.24亿,700,"太阳能光伏照明产品及配件、高效LED光源、LED显示屏、太阳能消费类产品的研发、生产经营、批发、进出口及相关配套业务(不涉及国营贸易管理商品,涉及配额、许可证管理及其它专项规定管理的商品,按国家有关规定办理申请)。"
天津鹏翎集团股份有限公司,"Tianjin PengLing Group Co., LTD",300375,制造业-橡胶和塑料制品业,张洪起,天津市滨海新区中塘工业区葛万公路1703号,www.pengling.cn,7.11亿,2481,橡胶制品、塑料制品、汽车配件、电子产品研发、制造、销售;汽车模具设计、制造;质检技术服务;货物及技术进出口;机械设备、厂房租赁业务。
深圳市赢合科技股份有限公司,"SHENZHEN YINGHE TECHNOLOGY CO.,LTD",300457,制造业-专用设备制造业,王维东,深圳市光明区玉塘街道田寮社区宝山路19号晔明模具工业园B栋202,www.yhwins.com,6.52亿,2745,自动化设备、口罩机的研发、生产与销售、调试安装及售后服务;五金制品的技术开发、设计、生产与销售;电池原材料、成品电池、电子元件、手机、手机配件、车载配件的销售;国内商业、物资供销业、货物及技术进出口;物业租赁;物业管理;设备租赁(不含金融租赁活动);自动化设备、零件加工与改造;劳保(口罩、防护服、手套)的生产与销售。(以上均不含法律、行政法规、国务院决定禁止及规定需前置审批项目。)
海南神农科技股份有限公司,"Hainan Shennong Technology Co.,Ltd",300189,农、林、牧、渔业-农业,曹欧,海口市秀英区美林路8号慧远美林谷综合服务楼,www.sndf.com.cn,10.2亿,101,"主要农作物种子生产;农作物种子经营;农作物种子进出口;农药批发;肥料销售;饲料生产;畜牧渔业饲料销售;食品生产;食用农产品初加工;食品经营;水产养殖;水产苗种生产;水产苗种进出口;水产品批发;水产品零售;渔业加工废弃物综合利用;渔业捕捞;海洋环境服务;农、林、牧、副、渔业专业机械的销售;技术服务、技术开发、技术咨询、技术交流、技术转让、技术推广;智能农业管理;保健食品生产;休闲观光活动。(一般经营项目自主经营,许可经营项目凭相关许可证或者批准文件经营)(依法须经批准的项目,经相关部门批准后方可开展经营活动。)"
上海金力泰化工股份有限公司,"Shanghai Kinlita Chemical Co., Ltd.",300225,制造业-化学原料及化学制品制造业,景总法,上海市奉贤区青村镇沿钱公路2888号,www.knt.cn,4.89亿,561,"制造、加工高性能涂料产品、溶剂、添加剂,销售自产产品,在国内外提供相关的技术咨询和售后服务,从事相关化工材料和涂料产品的进出口贸易(成品油等特殊化学品除外)。【依法须经批准的项目,经相关部门批准后方可开展经营活动】"
三盛智慧教育科技股份有限公司,"Sansheng Intellectual Education Technology CO.,LTD.",300282,制造业-计算机、通信和其他电子设备制造业,林荣滨,北京市海淀区西北旺东路10号院东区21号楼6层101-601,www.ssedu.com,3.76亿,512,教育咨询(不含中介服务);教育软件的研发与开发;组织文化艺术交流活动(不含演出);承办展览展示活动;培训;生产计算机及电子设备、通信设备(限分支机构经营);计算机及电子设备、计算机软件技术开发、技术咨询、技术转让、技术服务;销售通信设备、计算机、软件及辅助设备;计算机系统服务;货物进出口、技术进出口、代理进出口;科技企业孵化;创业服务;技术开发、技术转让、技术咨询、技术服务;资产管理;项目投资;投资管理。公司的经营范围以公司登记机关核准的经营范围为准。
深圳市聚飞光电股份有限公司,"Shenzhen Jufei Optoelectronics Co.,Ltd",300303,制造业-计算机、通信和其他电子设备制造业,邢美正,广东省深圳市龙岗区平湖街道鹅公岭社区鹅岭工业区4号,www.jfled.com.cn,12.8亿,2563,"光电器件、敏感器件、传感器、发光二极管、SMDLED、照明LED、光电器件应用产品的开发、生产、销售,电子器件的销售,货物及技术进出口(以上项目均不含法律、行政法规、国务院决定规定需前置审批及禁止项目)"
金通灵科技集团股份有限公司,"Jin Tong Ling Technology Group Co.,Ltd",300091,制造业-通用设备制造业,季伟,南通市钟秀中路135号,www.jtlfans.com,12.3亿,1512,"许可经营项目:无;一般经营项目:通风机、鼓风机、压缩机、小型高效汽轮机、小型燃气轮机及各类配件的制造、加工、销售及相关技术咨询、技术服务(制造、加工另设分支机构经营);新能源发电领域内的技术转让、技术开发、技术咨询;电力专业建设,工程设计,环保工程,建筑工程施工,新能源电力工程项目总包;自营和代理上述商品和技术的进出口业务以及本企业所需的机械设备、零配件、原辅材料、技术的进口业务(国家限定公司经营或禁止进出口的商品及技术除外)。(依法须经批准的项目,经相关部门批准后方可开展经营活动)"
长沙开元仪器股份有限公司,"Changsha Kaiyuan Instruments Co.,Ltd.",300338,教育-教育,江勇,长沙经济技术开发区开元路172号,www.kaiyuangufen.cn,3.43亿,6193,"通用仪器仪表、机电设备销售;教育管理;教育咨询;人才培训;职业技能鉴定;住宿;餐饮服务;会议服务;贸易咨询服务;自营和代理各类商品及技术的进出口,但国家限定公司经营或禁止进出口的商品和技术除外。(依法须经批准的项目,经相关部门批准后方可开展经营活动)"
三安光电股份有限公司,"Sanan Optoelectronics Co.,Ltd.",600703,制造业-计算机、通信和其他电子设备制造业,林志强,湖北省荆州市荆州开发区东方大道131号,www.sanan-e.com,44.8亿,12111,"1、电子工业技术研究、咨询服务;2、电子产品生产、销售;3、超高亮度发光二极管(LED)应用产品系统工程的安装、调试、维修;4、经营本企业自产产品及技术的出口业务;经营本企业生产所需的原辅材料、仪器仪表、机械设备、零配件及技术的进口业务(国家限定公司经营和国家禁止进出口的商品及技术除外);经营进料加工和""三来一补""业务。(法律法规规定必须办理审批许可才能从事的经营项目,必须在取得审批许可证明后方能营业)。"
吉艾科技集团股份公司,"GI Technologies Group Co.,Ltd.",300309,金融业-资本市场服务,姚庆,北京市丰台区海鹰路1号院2号楼2层201室,www.gi-tech.cn,8.86亿,246,"技术开发、技术服务、技术咨询;为石油和天然气开采提供服务;企业管理服务;经济贸易咨询;货物进出口;技术进出口;代理进出口;销售石油设备及配件、机械设备、计算机软硬件、7号燃料油、润滑油、沥青、金属矿石、非金属矿石、饲料、日用品;销售食品、化工产品。(企业依法自主选择经营项目,开展经营活动;销售食品、化工产品以及依法须经批准的项目,经相关部门批准后依批准的内容开展经营活动;不得从事本市产业政策禁止和限制类项目的经营活动。)"
南京三超新材料股份有限公司,"NanJing Sanchao Advanced Materials Co.,Ltd.",300554,制造业-非金属矿物制品业,邹余耀,南京市江宁区淳化街道泽诚路77号,www.diasc.com.cn,9360万,628,"超硬材料工具、光学辅料的设计与开发、生产,销售;光学材料加工;经营本企业自产产品及技术的出口业务和本企业所需的机械设备、零配件、原辅材料及技术的进出口业务,但国家限定公司经营或禁止进出口的商品及技术除外;道路货物运输。(依法须经批准的项目,经相关部门批准后方可开展经营活动)。"
山东大业股份有限公司,"Shandong Daye Co., Ltd",603278,制造业-金属制品业,窦勇,诸城市朱诸路北辛兴经济工业园,www.sddaye.com,2.90亿,3373,"经依法登记,普通货运(有效期限以许可证为准);生产、销售轮胎钢丝、胶管钢丝、钢丝帘线、铝包钢丝、钢丝绳、钢钉、铝制品、冶金轧辊及配件、纺织机械及配件、汽车配件、摩托车配件;喷涂、金属表面处理、硬化、防腐(以上项目须经环保部门验收合格后方可运营);销售钢材、线材、铝型材;货物进出口业务;太阳能项目的投资、建设、生产及电力销售。(依法须经批准的项目,经相关部门批准后方可开展经营活动)。"
江苏南大光电材料股份有限公司,"Jiangsu Nata Opto-electronic Material Co., Ltd.",300346,制造业-计算机、通信和其他电子设备制造业,冯剑松,苏州工业园区胜浦平胜路67号,www.natachem.com,4.07亿,652,"许可经营项目:无一般经营项目:高新技术光电子及微电子材料的研究、开发、生产、销售,高新技术成果的培育和产业化,实业投资,国内贸易,经营本企业自产产品的出口业务和本企业所需的机械设备、零配件、原辅材料的进口业务。"
开能健康科技集团股份有限公司,"Canature Health Technology Group Co.,Ltd",300272,制造业-电气机械和器材制造业,瞿建国,上海市浦东新区川沙镇川大路508、518号,www.canature.com,5.83亿,820,"健康科技技术开发与推广、净水设备及相关环保产品、壁炉、烤炉(不含压力容器)、燃气器具、电热水器具(凭许可资质经营)、太阳能设备、空气调节设备的生产、销售。租赁及上述相关产品的技术咨询服务,自有房屋租赁,经营本企业自产产品及技术的出口业务,经营本企业生产、科研所需原辅料、机械设备、仪器仪表、零配件及技术的进口业务(国家限定公司经营和国家禁止进口的商品及技术除外),经营进料加工及“三来一补”业务。道路货物运输。【依法须经批准的项目,经相关部门批准后方可开展经营活动】。"
北京同有飞骥科技股份有限公司,"Toyou Feiji Electronics Co.,Ltd.",300302,信息传输、软件和信息技术服务业-软件和信息技术服务业,周泽湘,北京市海淀区地锦路9号院2号楼-1至4层101,www.toyou.com.cn,4.80亿,353,"销售计算机信息系统安全专用产品;生产数据存储产品;技术推广、技术服务;数据存储产品、数据管理产品的技术开发、销售;计算机技术培训;计算机系统设计、集成、安装、调试和管理;数据处理;货物进出口、技术进出口、代理进出口;经营电信业务。(企业依法自主选择经营项目,开展经营活动;经营电信业务以及依法须经批准的项目,经相关部门批准后依批准的内容开展经营活动;不得从事本市产业政策禁止和限制类项目的经营活动。)"
江苏云意电气股份有限公司,"Jiangsu Yunyi Electric Co., Ltd.",300304,制造业-汽车制造业,付红玲,江苏省徐州市铜山经济开发区黄山路26号,www.yunyi-china.com,8.66亿,948,"许可经营项目:无。一般经营项目:生产汽车零部件、电力电子元件、汽车电子装置、汽车仪器仪表、集成电路,销售自产产品,软件开发、销售,模具研发、制造、销售,技术咨询服务,自有房屋出租。自营和代理各类商品及技术的进出口业务(国家限定经营或禁止进出口的商品及技术除外)。"
嘉兴斯达半导体股份有限公司,StarPower Semiconductor Ltd.,603290,制造业-计算机、通信和其他电子设备制造业,沈华,浙江省嘉兴市南湖区科兴路988号,www.powersemi.com,1.60亿,643,半导体芯片、电子元器件的设计、生产和销售。(上述经营范围不含国家规定禁止、限制外商投资和许可经营的项目)
武汉回盛生物科技股份有限公司,"WUHAN HVSEN BIOTECHNOLOGY CO., LTD.",300871,制造业-医药制造业,张卫元,武汉市东西湖区张柏路218号,www.whhsyy.com,1.11亿,487,"饲料添加剂、动物药品的生产、销售;饲料的批发;兽药技术研发、兽药技术咨询与转让。(依法须经批准的项目,经相关部门批准后方可开展经营活动)"
麦克奥迪(厦门)电气股份有限公司,"Motic (Xiamen) Electric Group Co.,Ltd.",300341,制造业-电气机械和器材制造业,杨泽声,厦门火炬高新区(翔安)产业区舫山南路808号,www.motic-electric.com,5.10亿,2206,"绝缘制品制造;配电开关控制设备制造;其他输配电及控制设备制造;其他电工器材制造;其他未列明电气机械及器材制造;经营各类商品和技术的进出口(不另附进出口商品目录),但国家限定公司经营或禁止进出口的商品及技术除外;经营本企业自产产品的出口业务和本企业所需的机械设备、零配件、原辅材料的进口业务(不另附进出口商品目录),但国家限定公司经营或禁止进出口的商品及技术除外;其他未列明批发业(不含需经许可审批的经营项目);自有房地产经营活动;电气信号设备装置制造;铁路机车车辆配件制造;铁路专用设备及器材、配件制造;城市轨道交通设备制造;物业管理;企业总部管理;单位后勤管理服务;其他未列明企业管理服务(不含须经审批许可的项目)。"
万方城镇投资发展股份有限公司,"Vanfund Urban Investment&Development Co.,Ltd.",000638,信息传输、软件和信息技术服务业-软件和信息技术服务业,张晖,吉林省白山市江源区江源大街30号,www.vanfund.cn,3.09亿,466,城市道路以及基础设施的建设及投资;给排水及管网建设及投资;城市燃气及管网建设及投资;城市服务项目(学校、医院等)的建设及投资;城市旧城改造;城市开发建设和基础设施其他项目的建设及投资;项目投资和项目管理;医疗技术开发;数据处理和储存服务;基础软件服务、应用软件服务;计算机网络的研制、开发、设计、安装;计算机软硬件的开发及销售;互联网信息服务;信息系统集成服务;物联网技术服务;信息技术咨询服务;技术开发、技术推广、技术转让、技术咨询、技术服务。
深圳明阳电路科技股份有限公司,"Sunshine Global Circuits Co., Ltd.",300739,制造业-计算机、通信和其他电子设备制造业,张佩珂,深圳市宝安区新桥街道上星第二工业区南环路32号B栋,www.sunshinepcb.com,2.79亿,2092,一般经营项目:从事信息、通讯产品的技术开发。增加:货物及技术进出口。许可经营项目:生产经营层压多层线路板;增加:生产经营精密在线测量仪器;增加:生产经营柔性线路板。增加:载板、类载板、高密度互联积层板、高频高速板的设计、生产和销售。
江苏紫天传媒科技股份有限公司,"Jiangsu Zitian Media Technology Co,.LTD",300280,制造业-通用设备制造业,姚小欣,江苏省如皋经济开发区锻压产业园区内,www.ntdy.com.cn,1.62亿,535,"组织文化艺术交流活动(不含演出);设计、制作、代理、发布广告;会议服务;承办展览展示活动;计算机软件开发;网络技术开发与技术服务。(依法须经批准的项目,经相关部门批准后方可开展经营活动)"
江西耐普矿机股份有限公司,"Jiangxi Naipu Mining Machinery and New Materials Co.,Ltd",300818,制造业-专用设备制造业,郑昊,江西省上饶市上饶经济技术开发区兴园大道52号,www.naipu.com.cn,7000万,473,"矿山设备、选矿备件、橡胶制品生产及销售;工业设备耐磨衬里;自营进出口权;选矿工艺技术开发服务;废旧金属销售(不含危险品)。(依法须经批准的项目,经相关部门批准后方可开展经营活动)”(最终以工商登记部门核准为准)"
江苏力星通用钢球股份有限公司,"Jiangsu LiXing General Steel Ball Co.,Ltd.",300421,制造业-通用设备制造业,施祥贵,江苏省如皋市如城镇兴源大道68号,www.jgbr.com.cn,2.42亿,1011,钢球制造、销售;滚子生产、销售;机械设备及配件、通用机械及零配件、轴承、五金产品、金属材料及制品、化工原料及产品(危险化学品除外)、润滑油、仪器仪表、电气设备及配件、机电设备的销售;自营和代理各类商品的进出口业务。
锐奇控股股份有限公司,"Ken Holding Co.,Ltd.",300126,制造业-通用设备制造业,吴明厅,上海市松江区新桥镇新茸路5号,www.ken-tools.com,3.04亿,1096,"实业投资,电机、模具、电动工具领域内的技术开发、技术咨询、技术服务、技术转让、生产、销售和维修,机电产品、五金交电销售,货物及技术的进出口业务,智能装备的技术开发和销售,从事互联网、工业信息及物联网的技术开发和技术服务。(依法须经批准的项目,经相关部门批准后方可开展经营活动)"
茂硕电源科技股份有限公司,"Moso Power Supply Technology Co., Ltd",002660,制造业-计算机、通信和其他电子设备制造业,顾永德,广东省深圳市南山区松白路关外小白芒桑泰工业园,www.mosopower.com,2.74亿,2043,"LED智能驱动电源,太阳能光伏逆变器,DC/DC高效、高密度模块电源,医疗电源,通信电源,开关电源,高频变压器的研发和销售;电子元器件,五金塑胶配件的销售以及提供新能源和再生能源的储能系统解决方案(以上不含限制项目);经营进出口业务(法律、行政法规、国务院决定禁止的项目除外,限制的项目须取得许可后方可经营);房屋租赁;信息技术服务(不含限制项目);企业管理咨询(不含限制项目)。(以上项目法律、行政法规、国务院决定禁止的项目除外,限制的项目须取得许可后方可经营)LED智能驱动电源,太阳能光伏逆变器,DC/DC高效、高密度模块电源,医疗电源,通信电源,开关电源,高频变压器的生产;普通货运。"
深圳市蓝海华腾技术股份有限公司,"Shenzhen V&T Technologies Co., Ltd.",300484,制造业-电气机械和器材制造业,邱文渊,深圳市光明区玉塘街道田寮社区光明高新园区东侧七号路中科诺数字科技工业园厂房301、401、1101,www.v-t.net.cn,2.08亿,412,软硬件技术开发;变频器、伺服驱动器和系统、电动汽车电机控制器、太阳能光伏逆变器和水泵控制器、电子逆变焊机、电子加热装置、软起动器的研发、生产、销售、系统集成、技术咨询;兴办实业(具体项目另行申报);国内贸易;经营进出口业务;新能源汽车租赁服务(不含融资租赁)、运营管理服务、房屋租赁(以上均不含法律、行政法规、国务院决定规定需前置审批和禁止的项目)。
无锡路通视信网络股份有限公司,"Lootom Telcovideo Network(Wuxi) Co., Ltd.",300555,制造业-计算机、通信和其他电子设备制造业,贾清,无锡市滨湖区五三零大厦1号十八层1802室,www.lootom.com,2.00亿,358,通信设备(不含卫星通信设备)、有线电视网络设备及广播设备的设计、开发、制造、销售、安装、技术服务、技术转让;建筑智能化工程、通信系统工程的施工(凭有效资质证书经营);智能化监控设备的生产、销售和技术服务;计算机软件硬件的设计、开发、销售、安装、技术服务、技术转让;信息系统集成;自营各类商品及技术的进出口业务(国家限定企业经营或禁止进出口的商品和技术除外);电子产品、电子元器件、仪器仪表、智能控制系统的研发、安装、销售、技术服务。上述经营范围中涉及专项审批的待批准后方可经营
广东凌霄泵业股份有限公司,"Guangdong LingXiao Pump Industry Co., Ltd.",002884,制造业-通用设备制造业,王海波,阳春市春城镇春江大道117号,www.lingxiao.com.cn,2.52亿,968,制造、销售:机电产品、机械设备、家用电器、电子产品;农用排灌机械及泵;工程技术设计、咨询、服务;不动产租赁、设备租赁;货物进出口、技术进出口。
太龙(福建)商业照明股份有限公司,"TECNON (FUJIAN) COMMERCIAL LIGHTING CO., LTD",300650,制造业-电气机械和器材制造业,庄占龙,福建省漳州龙海市台商投资区角美镇文圃工业园,www.tecnon.net,1.07亿,985,"商用高效节能环保照明光源、LED显示屏、数控三面翻广告牌、LED光源、灯具及配套电器制造;自动控制系统设计制造及软件开发;金属制品、塑料制品、模具制造;合同能源管理服务;设计、制作、代理、发布国内各类广告;太阳能发电;太阳能发电技术服务。(依法须经批准的项目,经相关部门批准后方可开展经营活动)"
南京奥联汽车电子电器股份有限公司,"Nanjing Aolian AE&EA Co.,Ltd",300585,制造业-汽车制造业,陈光水,南京市江宁区谷里街道东善桥工业集中区,www.njaolian.com,1.60亿,713,"汽车电器配件生产、销售;电子产品、五金、建材、摩托车电器配件、模具工装设备加工、销售;塑料销售;汽车电子、模具技术开发;自有房屋租赁;自营和代理各类商品及技术的进出口的业务(国家限定公司经营或禁止进出口的商品和技术除外)。(依法须经批准的项目,经相关部门批准后方可开展经营活动)"
江苏东华测试技术股份有限公司,"DongHua Testing Technology Co., Ltd.",300354,制造业-仪器仪表制造业,刘士钢,江苏省靖江市新港大道208号(沿江公路罗家港桥东北侧),www.dhtest.com,1.38亿,530,研制、开发、生产、销售测试设备;软件开发、销售;技术服务、咨询、转让;自营和代理各类商品及技术的进出口业务(国家限定企业经营或禁止进出口的商品和技术除外)。
深圳市瑞丰光电子股份有限公司,"Shenzhen Refond Optoelectronics Co., Ltd.",300241,制造业-计算机、通信和其他电子设备制造业,龚伟斌,广东省深圳市光明新区公明办事处田寮社区第十工业区1栋六楼,www.refond.com,5.36亿,2331,电子产品的购销及其它国内商业、物资供销业。(不含专营、专控、专卖商品)。兴办实业(具体项目另行申报);进出口业务(按深贸管准证字第2002-1501号资格证书办);生产各类发光二极管、光电子器件、模组;物业租赁;设备租赁;知识产权服务;质检技术服务。
文投控股股份有限公司,"Cultural Investment Holdings Co., Ltd.",600715,文化、体育和娱乐业-广播、电视、电影和影视录音制作业,周茂非,辽宁省沈阳市苏家屯区白松路22号,--,18.5亿,1886,"实业投资、投资信息咨询;影视文化信息咨询服务;游戏软件开发;设计、制作、代理、发布各类广告;会展会务服务,承办展览展示;文化活动策划,组织文化艺术交流活动;体育活动的组织、策划;自营和代理各类商品和技术的进出口,但国家限定公司经营或禁止进出口的商品和技术除外,文化用品、体育器材、电子产品批发、零售;自有房屋及机器设备租赁;金属类、黄金钻石首饰、电子产品及配件、体育用品、工艺美术制品(不含象牙)、陶瓷制品、家纺(包括丝绸织品)、玩具、文化用品、箱包、服装服饰及配饰的制造(零售)。"
锦州神工半导体股份有限公司,Thinkon Semiconductor Jinzhou Corp.,688233,制造业-非金属矿物制品业,潘连胜,辽宁省锦州市太和区中信路46号甲,www.thinkon-cn.com,1.60亿,--,"生产、销售半导体级硅制品。(依法须经批准的项目,经相关部门批准后方可开展经营活动。)"
深圳市瑞凌实业股份有限公司,"Shenzhen Riland Industry Co.,Ltd",300154,制造业-通用设备制造业,邱光,深圳市光明新区观光路3009号招商局科技园A3栋C单元207,www.riland.com.cn,4.56亿,925,焊割设备、电源设备、自动化控制系统、配件及辅助设备的技术咨询、技术开发、技术转让、生产、加工及销售;经营进出口业务(按深贸管登证字第2003-1000号经营)
烟台龙源电力技术股份有限公司,"Yantai Longyuan Power Technology Co., Ltd.",300105,制造业-电气机械和器材制造业,杨怀亮,山东省烟台市经济技术开发区白云山路2号,--,5.13亿,572,"生产、销售、安装电力生产设备,电力工程施工、电力工程总承包;市政工程、环保工程设计施工;防水防腐保温工程施工;空气污染治理服务;计算机软件的开发及自有技术转让,提供相关技术咨询和技术服务(不含外商投资企业实施准入特别管理措施的项目;不含国家限制、禁止类项目;依法须经批准的项目,经相关部门批准后方可开展经营活动)。"
山东美晨生态环境股份有限公司,"Shandong Meichen Ecology & Environment Co.,Ltd.",300237,建筑业-土木工程建筑业,窦茂功,山东省潍坊市诸城市密州东路12001号,www.meichen.cc,14.5亿,2555,"环境工程及环境修复的设计和施工;园林绿化工程施工和园林养护;节能技术及产品的研发和销售;固体废弃物处置及回收利用的相关设施的设计及运营管理;市政污水及工业废水处理项目的设计;污水处理厂的运营管理;减震橡胶制品、胶管制品及其他橡胶制品、塑料制品、机械零配件、电器机械及器材的研发、生产、销售及技术咨询服务;模具制造;金属材料、化工原料销售(不含危险化学品);出口本企业自产产品和技术,进口本企业所需的原辅材料、机械设备、仪器仪表、零部件及相关技术。(依法须经批准的项目,经相关部门批准后方可开展经营活动)"
融捷健康科技股份有限公司,"Youngy Health Co., Ltd.",300247,制造业-电气机械和器材制造业,邢芬玲,安徽省合肥市长江西路669号AJ-9地块,www.lekingwellness.com,8.04亿,1560,远红外线桑拿设备、机电产品的生产、委托加工、销售及自营进出口业务(凭许可证经营);医疗器械二类;6826物理治疗及康复设备的生产、销售;远红外线桑拿设备及衍生产品的设计、咨询、服务及销售及租赁;木材、木制品、建筑装璜材料、电子产品、电讯器材、五金交电、卫生洁具、计算机及配件、印刷器材、机械设备、文体用品、化工产品(除危险品)、工艺品(不含金银制品)、服装、皮革制品、保健用品、土特产品、玻璃制品销售。
宁波先锋新材料股份有限公司,"Ningbo Xianfeng New Material Co.,Ltd",300163,制造业-其他制造业,白瑞琛,浙江省宁波市鄞州区集士港镇山下庄村,www.aplus.cn,4.74亿,739,"PVC 玻纤高分子复合材料的制造;橡塑制品、旅游帐篷、桌、椅、电子元件、电器配件、机电设备、五金配件、水暖洁具的制造、加工;有色金属的挤压、塑料造粒、塑料及金属门窗的加工;日用品、塑料原料及制品、金属材料及制品、工艺品的批发、零售;自营和代理各类商品和技术的进出口、但国家限定公司经营或禁止进出口的商品和技术除外(依法须经批准的项目,经相关部门批准后方可开展经营活动)"
通源石油科技集团股份有限公司,Tong Petrotech Corp.,300164,采矿业-开采辅助活动,张国桉,西安市高新区科技二路70号软件园唐乐阁D301室,www.tongoiltools.com,5.14亿,804,"石油、天然气勘探开发领域中钻井、修井、测井(含射孔)、压裂、试油、试气作业;录井、井下作业;天然气井、油水井不压井带压作业(不含压力管道的安装维修);石油勘探开发设备及器材、天然气勘探开发设备及器材的开发、研制、生产、销售及技术开发、技术服务、技术咨询、技术转让;润滑油、润滑脂、防冻液销售;计算机软硬件研制、服务与销售及技术服务;对高新技术项目的投资;货物和技术的进出口经营(国家限制和禁止的货物和技术除外);机械产品销售代理、机械设备租赁、房屋租赁、建筑工程施工、国际货物运输代理。设计施工(爆破作业单位许可证);民用爆炸物品销售(工业炸药、工业雷管、工业索类火工品、油气井用器材、民用推进剂);销售、使用Ⅱ类、Ⅲ类、Ⅳ类、Ⅴ类放射源;销售、使用非密封放射性物质,乙级非密封放射性物质工作场所;道路普通货物运输。"
佛山市南华仪器股份有限公司,"Nanhua Instruments Co., Ltd.",300417,制造业-仪器仪表制造业,杨耀光,佛山市南海区桂城街道科泓路1号,www.nanhua.com.cn,1.37亿,559,"研制、生产、销售:仪器仪表,机动车检测及诊断设备、配件,自动系统,环保设备,计算机及配套设备,计算机软件开发、销售;计算机网络工程安装及售后维修、咨询服务;房屋租赁、设备租赁服务。"
山东联创产业发展集团股份有限公司,LECRON INDUSTRIAL DEVELOPMENT GROUP CO. LTD,300343,信息传输、软件和信息技术服务业-互联网和相关服务,王宪东,淄博市张店区东部化工区昌国东路219号,www.lecron.cn,11.8亿,1292,"互联网媒体运营、互联网信息服务、互联网相关技术开发、技术咨询、技术转让;从事化学科技领域内的技术开发、技术咨询、技术转让;生态环境材料、聚氨酯原料及产品、氟化工产品的研发、生产、销售;新材料技术推广和服务;货物进出口;供应链管理及咨询。(依法须经批准的项目,经相关部门批准后方可开展经营活动;未经金融监管部门批准,不得从事吸收存款、融资担保、代客理财等金融业务)。"
深圳丹邦科技股份有限公司,"Shenzhen Danbond Technology Co., Ltd.",002618,制造业-计算机、通信和其他电子设备制造业,刘萍,深圳市南山区高新园朗山一路丹邦科技大楼,www.danbang.com,5.48亿,938,"开发、生产经营柔性覆合铜板、液晶聚合导体材料,高频柔性电路、柔性电路封装基板、高精密集成电路、新型电子元器件、二维半导体材料、聚酰亚胺薄膜、量子碳基膜、多层石墨烯膜、屏蔽隐身膜,提供自产产品技术咨询服务,经营进出口业务(法律、行政法规、国务院决定禁止的项目除外,限制的项目须取得许可后方可经营)。"
宣城市华菱精工科技股份有限公司,"Xuancheng Valin Precision Technology Co., Ltd..",603356,制造业-通用设备制造业,黄业华,安徽省宣城市郎溪县梅渚镇郎梅路,www.xchualing.com,1.33亿,1333,"电梯配件研发、制造和销售;钢结构件、新材料开发、制造和销售;钢结构工程施工、劳务分包;电梯配件以及钢材、矿石等电梯配件生产所需原材料购销及储运服务;电梯的销售、安装及维护、项目投资管理;进出口贸易;机电类设备研发、制造、销售、安装、改造、维修。(依法须经批准的项目,经相关部门批准后方可开展经营活动)"
宁波横河模具股份有限公司,"Ningbo Henghe Mould Co., Ltd.",300539,制造业-橡胶和塑料制品业,胡志军,慈溪市新兴产业集群区宗汉街道新兴大道588号,www.mouldcenter.com,2.22亿,993,"经依法登记,公司的经营范围为:模具的设计及技术咨询;模具、塑料制品(除饮水桶)、电子元件、五金配件、家用电器及配件制造、加工;陶瓷制品销售;厂房的租赁;产品的租赁;企业管理咨询;日用口罩(非医用)销售;自营和代理货物和技术的进出口,但国家限定经营或禁止进出口的货物和技术除外。"
天津经纬辉开光电股份有限公司,"Tianjin Jingwei Huikai Optoelectronic CO.,Ltd.",300120,制造业-计算机、通信和其他电子设备制造业,陈建波,天津市津南经济开发区(双港)旺港路12号,www.jwdc.cn,4.65亿,2902,"生产经营触摸屏、背光源、集成电路引线框架、液晶显示器及电路配件,小型家用电路产品(不含许可证管理国家限制产品);集成电路块的组装;生产经营电话机及相关配件、手机零配件、相关电子产品;生产、加工、销售电线、电缆、有色金属材料、绝缘材料、矽钢片、电抗器。"
爱柯迪股份有限公司,"IKD Co., Ltd.",600933,制造业-汽车制造业,张建成,宁波市江北区金山路588号,www.ikd-china.com,8.59亿,4471,"汽车类、工业类、家电类精密铝合金压铸造件产品、精密铸铁件和金属零件产品的开发、设计、生产和销售;模具、夹具等工装产品的开发、设计、制造;自营和代理各类货物和技术的进出口;自有厂房及办公用房出租;国际货运代理业务;投资管理。(不涉及国营贸易管理商品,涉及配额、许可证管理商品的,按国家有关规定办理申请)。(依法须经批准的项目,经相关部门批准后方可开展经营活动)"
邦讯技术股份有限公司,"Boomsense Technology Co., Ltd.",300312,信息传输、软件和信息技术服务业-软件和信息技术服务业,张庆文,北京市海淀区杏石口路80号益园文化创意产业基地A区4号楼一层,www.boomsense.com,3.20亿,251,通信设备、仪器仪表、计算机软件、电力输配电及控制设备、电工器材、电气机械、广播电视设备的技术开发、技术转让、技术咨询、技术服务、技术培训;批发通信设备、仪器仪表、计算机软件、硬件及辅助设备、电力输配电及控制设备、电工器材、电气机械、广播电视设备(不含卫星电视广播地面接收设施);计算机系统服务;通信信息网络系统集成、通信用户管线建设;通信设备租赁;投资及投资管理;货物进出口、技术进出口。
上海柘中集团股份有限公司,"Shanghai Zhezhong Group Co., Ltd.",002346,制造业-电气机械和器材制造业,陆仁军,上海市奉贤区联合北路215号第5幢2501室,www.ch-zzcc.com,4.42亿,439,"销售钢筋混凝土管桩、方桩、管片、企口管、建筑钢结构件、声屏障、商品混凝土,建材批发、零售,地基与基础工程施工,港口与航道工程施工;实业投资,国内贸易(除专项规定),资产管理,投资管理,投资咨询,从事货物进出口和技术进出口业务。【依法须经批准的项目,经相关部门批准后方可开展经营活动】"
江苏正丹化学工业股份有限公司,"Jiangsu Zhengdan Chemical Industry Co., Ltd",300641,制造业-化学原料及化学制品制造业,曹正国,镇江新区国际化学工业园松林山路南,www.zhengdanchem.com,4.90亿,408,"生产1,2,4-三甲基苯、乙烯基甲苯;生产销售偏苯三酸酐、高沸点芳烃溶剂(SA-1000、SA-1500)、偏苯三酸三辛酯(TOTM)、偏苯三酸辛癸酯(TM810)、对苯二甲酸二辛酯(DOTP)、偏苯三酸三正壬酯(TNNTM)、偏苯三酸三异壬酯(TINTM)、邻苯二甲酸二癸酯(DPHP)、乙基甲苯;从事化工产品(不含危险化学品)的进出口及批发业务(不涉及国营贸易管理商品,涉及配额、许可证管理商品的按国家有关规定办理申请)。(依法须经批准的项目,经相关部门批准后方可开展经营活动)"
北京安控科技股份有限公司,"Beijing Etrol Technologies Co., Ltd.",300370,制造业-仪器仪表制造业,许永良,北京市海淀区地锦路9号院6号楼,www.etrol.com,9.57亿,1068,计算机应用软件开发及服务;技术开发、技术服务、技术咨询、技术转让、技术培训;销售开发后的产品、可编程控制器、机械电器设备、电子计算机及外部设备、通讯设备(含无线数据通信设备)、照相器材、文化办公设备、建筑材料、化工产品(不含危险化学品及一类易制毒化学品)、安全技术防范产品;货物进出口、技术进出口、代理进出口;计算机系统服务;生产环保监测仪器、污染治理设备、计算机及外部设备、通讯设备、油气自动化和环境在线检测仪器仪表、RTU(远程测控单元);燃烧器控制系统制造和维修(限在外埠从事生产活动);电子与智能化工程专业承包壹级(《建筑业企业资质证书》有效期至2020年12月02日);机电工程施工总承包叁级(《建筑业企业资质证书》有效期至2021年09月11日)。
广州中海达卫星导航技术股份有限公司,"Guangzhou Hi-Target Navigation Tech Co., Ltd.",300177,制造业-计算机、通信和其他电子设备制造业,廖定海,广州市番禺区东环街番禺大道北555号天安总部中心13号厂房101,"www.hi-target.com.cn,www.zhdgps.com",6.77亿,3297,软件开发;电子产品批发;电子元器件批发;软件批发;铁路专用测量或检验仪器制造;信息技术咨询服务;导航、气象及海洋专用仪器制造;测绘服务;通信系统设备制造;安全技术防范产品批发;电子测量仪器制造;数字内容服务;绘图、计算及测量仪器制造;通信终端设备制造;货物进出口(专营专控商品除外);海洋服务;网络技术的研究、开发;信息系统集成服务;计算机技术开发、技术服务;电子、通信与自动控制技术研究、开发;软件服务;安全检查仪器的制造;光学仪器制造;仪器仪表批发;地理信息加工处理;技术进出口;数据处理和存储服务;仪器仪表修理;房屋租赁。
深圳市佳创视讯技术股份有限公司,"AVIT.,Ltd.",300264,信息传输、软件和信息技术服务业-软件和信息技术服务业,陈坤江,深圳市光明新区观光路招商局光明科技园A3栋C208单元,www.avit.com.cn,4.13亿,256,有线电视多功能设备、有线及地面数字电视系统产品的技术开发、生产(凭消防检查验收合格证经营)、销售;计算机软件开发;经营广告业务(以上不含限制项目);货物进出口、技术进出口(法律、行政法规禁止的项目除外;法律、行政法规限制的项目须取得许可后方可经营);系统集成和购销以及其他国内商业、物资供销业(不含国家专营、专控、专卖商品);兴办实业(具体项目另行申办)网络通信设备销售。
北京嘉寓门窗幕墙股份有限公司,"Beijing JIAYU Door,Window and Curtain Wall Joint-Stock Co., Ltd.",300117,建筑业-建筑装饰和其他建筑业,田新甲,北京市顺义区牛栏山镇牛富路1号,www.jayugroup.com,7.17亿,1164,制造金属门窗、防火门、防盗门、塑钢门窗、木制门窗;建筑幕墙加工;工程设计;专业承包;装潢设计;建筑幕墙设计、安装;仓储服务;销售自产产品;技术开发;技术转让;技术咨询;技术服务;技术推广;工程咨询。
四川海特高新技术股份有限公司,"Sichuan Haite High-Tech Co.,Ltd.",002023,制造业-铁路、船舶、航空航天和其他运输设备制造业,李飚,成都市高新区高朋大道21号,www.schtgx.com,7.57亿,1240,"航空小型发动机维修;飞机机载无线电、仪表、电气设备的研制和维修;航空培训;航空器材维修交换及租赁一体化服务。开展电缆,电视设备,电子测绘仪器方面的技术服务与咨询;批发、零售电缆,电视设备及器材(不含卫星地面接收设备),电子产品,交电,建筑材料(不含危险品);物业管理,房屋租赁。进出口经营范围:经营企业自产产品及技术的进出口业务;经营本企业生产所需的原辅材料、仪器仪表、机械设备、零配件及技术的进口业务(国家限定公司经营和国家禁止进口的商品及技术除外);经营进料加工和“三来一补”业务。"
棕榈生态城镇发展股份有限公司,"PALM ECO-TOWN DEVELOPMENT CO.,LTD.",002431,建筑业-土木工程建筑业,林从孝,河南省郑州市郑东新区俊贤路38号森大・郑东1号项目一期3号楼5层11号铺,www.palm-la.com,14.9亿,1269,"城镇化建设投资;城镇及城市基础设施的规划设计、配套建设、产业策划运营;生态环境治理、土壤修复、水处理;智能服务;项目投资、投资管理;旅游资源开发;旅游项目策划、投资、建设及管理;游览景区管理(不含自然保护区);旅游产品开发、生产、销售;休闲产业投资开发;酒店投资及管理;建筑工程;水利水电工程;市政工程、园林绿化工程施工和园林养护;风景园林规划设计、城乡规划设计、旅游规划设计、建筑设计、市政工程设计、园林工程监理;钢材销售;建材销售;房屋销售;房屋出租;建筑工程机械及设备经营租赁;销售园林工程材料及园艺用品;研究、开发、种植、销售园林植物;经营本企业自产产品及技术的出口业务和本企业所需的机械设备、零配件、原辅材料及技术的进口业务,但国家限定公司经营或禁止进出口的商品及技术除外。(涉及许可经营项目,应取得相关部门许可后方可经营)(依法须经批准的项目,经相关部门批准后方可开展经营活动)。"
福能东方装备科技股份有限公司,"Funeng Oriental Equipment Technology Co.,Ltd",300173,制造业-专用设备制造业,王贵银,佛山市禅城区季华六路17号五座3301-3310室,www.fnorient.com,7.35亿,225,"研发、生产、安装、销售:卷筒材料、印刷、涂布自动化专用设备;智能机器人、自动化装备、智能自动化生产系统、物流仓储系统、生产辅助系统、控制软件、智能化数控系统、信息技术与网络系统的设计、开发、技术咨询、服务、转让;经营本企业自产产品及技术的出口业务和本企业所需的设备、零配件、辅助材料及技术的进出口业务,但国家限定公司经营或禁止进出口的商品及技术除外。(依法须经批准的项目,经相关部门批准后方可开展经营活动。)"
华鹏飞股份有限公司,"HPF Co., Ltd.",300350,信息传输、软件和信息技术服务业-软件和信息技术服务业,张京豫,广东省深圳市福田区华富街道莲花一村社区皇岗路5001号深业上城(南区)T2栋4308,www.huapengfei.com,4.77亿,1350,"信息咨询(不含人才中介及限制项目);兴办实业(具体项目另行申报);国内贸易(不含专营、专控、专卖商品);国内、国际货运代理(海运、陆运、空运);装卸、搬运及相关服务;劳务服务(不含限制项目,限制项目须取得许可后方可经营);货物及技术进出口(不含限制项目);供应链管理及相关配套服务。普通货运、货物专用运输、大型物件运输(一级)(集装箱);货物联运及配送;仓储。"
保定乐凯新材料股份有限公司,"Baoding Lucky Innovative Materials Co., LTD",300446,制造业-化学原料及化学制品制造业,侯景滨,保定市和润路569号,maginfo.luckyfilm.com.cn,2.03亿,283,磁记录材料(包括:磁条、磁记录纸、航空判读带、航空磁带)、热敏纸、压印箔、电子功能材料、光电子材料、电磁波防护多功能膜、防伪功能性膜及涂层材料、导电导热膜及涂层材料、高性能膜材料、水处理剂和合成树脂的研发、制造、加工、销售(监控、易制毒、化学试剂、危险化学品及需取得前置行政许可的除外);软件及辅助设备的研发与销售;机械设备租赁;房屋租赁;技术咨询与服务;货物或技术进出口(国家禁止或涉及行政审批的货物和技术进出口除外)。
福建阿石创新材料股份有限公司,"Fujian Acetron New Materials Co., Ltd.",300706,制造业-其他制造业,陈钦忠,福建省福州市长乐区航城街道琴江村太平里169号,www.acetron.com.cn,1.41亿,269,"金属、稀有金属、稀土、贵金属及其合金制成的真空蒸镀膜料、溅射靶材、石英制品、电子用高科技化学品的生产、研发和销售;光学元器件、平板显示器材料、导线支架、光学玻璃的生产、研发和销售;自营和代理各类商品和技术的进出口,但国家限定公司经营或禁止进出口的商品和技术除外。"
上海翔港包装科技股份有限公司,"Shanghai Sunglow Packaging Technology Co., Ltd",603499,制造业-印刷和记录媒介复制业,董建军,上海市浦东新区泥城镇翠波路299号,www.sunglow-tec.com,1.99亿,698,"包装科技、印务技术领域的技术服务、技术咨询、技术开发、技术转让,包装印刷、其他印刷(凭许可证经营),纸质包装、PET包装、标签、塑料制品的生产、销售,设计、制作各类广告,信息技术服务,软件的开发、销售,电脑设备及配件、传感器、五金机械电子设备及配件、打印耗材、包装材料、工艺礼品、文化用品、音响器材、木制品、建筑装潢材料的销售,自有房屋的租赁,物业管理,从事货物及技术的进出口业务,道路货物运输。"
北京赛微电子股份有限公司,Sai MicroElectronics Inc.,300456,制造业-计算机、通信和其他电子设备制造业,杨云春,北京市西城区裕民路18号北环中心A座2607室(德胜园区),www.smeiic.com,6.39亿,805,"微电子器件、半导体器件、集成电路及配套产品的技术开发、技术服务、软件开发、技术咨询;产品设计;集成电路设计;制造电子计算机软硬件;销售微电子器件、半导体器件、通讯设备及其系统软件、计算机软件、电子计算机及其辅助设备、电子元器件;货物进出口,技术进出口,代理进出口。(市场主体依法自主选择经营项目,开展经营活动;依法须经批准的项目,经相关部门批准后依批准的内容开展经营活动;不得从事国家和本市产业政策禁止和限制类项目的经营活动。)"
深圳市澄天伟业科技股份有限公司,"Shenzhen Chengtian Weiye Technology Co.,Ltd.",300689,制造业-计算机、通信和其他电子设备制造业,冯学裕,深圳市南山区粤海街道高新区社区高新南九道10号深圳湾科技生态园10栋B3401-B3404,www.ctwygroup.com,6800万,820,"卡片的生产(由分支机构生产,具体范围凭环保批复经营);塑胶证卡、IC卡、读卡器及电子产品零件的技术开发、销售、安装及维修(维修为上门维修);经营进出口业务(法律、行政法规、国务院决定禁止的项目除外,限制的项目须取得许可后方可经营);房屋租赁、设备租赁(不得从事融资租赁);劳动防护用品、二类医疗器械、医疗安全系列产品等研发、生产、销售;国内贸易(具体以工商行政管理部门核准为准)。"
世纪天鸿教育科技股份有限公司,"Astro-century Education & Technology Co.,Ltd.",300654,文化、体育和娱乐业-新闻和出版业,任志鸿,山东省淄博市高新区天鸿路9号,www.sjthedu.com,1.82亿,597,"教育产品研发、销售;图书、报纸、期刊及电子出版物批发零售,网络发行;房屋租赁;电脑图文设计、制作;书刊项目设计、策划;版面设计;翻译服务;教育咨询服务;著作权代理;文化用品、办公用品的销售;纸制品销售;图书代包装;普通货物装卸、仓储服务;计算机软硬件及外部设备;计算机系统服务;基础软件服务;数据处理的研发、销售;电化教学设备、教学软件、电子产品的销售;教育信息咨询;设备租赁;计算机信息系统集成;第二类增值电信业务中的呼叫中心业务和信息服务业务;互联网信息服务业务(依法须经批准的项目,经相关部门批准后方可开展经营活动)。"
海伦钢琴股份有限公司,"Hailun Piano Co.,Ltd.",300329,制造业-文教、工美、体育和娱乐用品制造业,陈海伦,宁波市北仑区龙潭山路36号,www.hailunpiano.com,2.54亿,1334,钢琴制造;乐器制品、汽车配件、装潢五金、模具制品、非金属制品模具设计、加工、制造;教育信息咨询;乐器租赁。
朗姿股份有限公司,"Lancy Co., Ltd.",002612,制造业-纺织服装、服饰业,申东日,北京市顺义区马坡镇白马路63号,www.lancygroup.com,4.42亿,4151,"生产服装、服饰;销售服装、服饰、鞋帽箱包及其相关配件、童装、婴幼儿用品、化妆品、玩具、皮革制品;日用百货批发;货物进出口、技术进出口、代理进出口;承办展览展示活动;仓储服务;技术服务。【涉及许可证管理的,按国家有关规定办理申请,并最终以工商行政管理部门的核准为准。】"
河南四方达超硬材料股份有限公司,"SF DIAMOND CO., LTD",300179,制造业-非金属矿物制品业,方海江,河南自贸试验区郑州片区(经开)第十大街109号,www.sf-diamond.com,4.94亿,515,人造聚晶金刚石烧结体、人造金刚石复合片、立方氮化硼烧结体、立方氮化硼复合片、人造金刚石制品及立方氮化硼制品的研制、开发、生产与销售;金属制品及零件的研制、开发、生产与销售;超硬材料相关技术咨询与服务;货物与技术的进出口业务;对工业制造、商业、房地产、金融、服务业、技术贸易、文化教育、广告、探矿、采矿的投资。
河南黄河旋风股份有限公司,"Henan Huanghe Whirlwind co.,Ltd.",600172,制造业-非金属矿物制品业,庞文龙,河南省长葛市,WWW.HHXF.COM,14.4亿,2760,石墨、碳系材料及制品;超硬材料、超硬复合材料及制品;工业自动化领域系列产品;激光加工设备、3D打印系列产品及材料、医疗器械及材料;建筑装修磨削机具、电动机;金属材料及制品;上述产品的研发、生产、销售和技术服务;塔式起重机的生产、安装与销售;广播通讯铁塔及桅杆产品的生产与销售;房屋租赁;从事货物和技术的进出口业务(法律法规规定禁止进出口的货物和技术除外);从事国内贸易。
